"design","mse"
1,"2.98935508800094e-05"
2,"7.87113137970515e-05"
3,"4.51492217226291e-05"
4,"0.000180688783910523"
5,"0.00117319399046262"
6,"0.000165936583421571"
7,"0.00111131313496202"
8,"0.0028266195295497"
9,"0.000191153998358438"
10,"0.017743128367026"
11,"0.375806037998393"
12,"0.674511973042782"
13,"0.0840032848143919"
14,"0.536274538492871"
15,"1.41674083640142"
